zid,MSR,correlation
z5141401,0.012138,0.056803
